[
    {
        "0": "1st_runway_LengthFeet",
        "1": "1st_runway_LengthMetre",
        "2": "1st_runway_Number",
        "3": "1st_runway_SurfaceType",
        "4": "3rd_runway_LengthFeet",
        "5": "4th_runway_LengthFeet",
        "6": "5th_runway_Number",
        "7": "EISSN_number",
        "8": "LCCN_number",
        "9": "OCLC_number",
        "10": "academicDiscipline",
        "11": "academicStaffSize",
        "12": "administrativeArrondissement",
        "13": "administrativeCounty",
        "14": "affiliation",
        "15": "affiliations",
        "16": "aircraftFighter",
        "17": "aircraftHelicopter",
        "18": "almaMater",
        "19": "anthem",
        "20": "architect",
        "21": "architecturalStyle",
        "22": "areaCode",
        "23": "attackAircraft",
        "24": "author",
        "25": "award",
        "26": "awards",
        "27": "backup pilot",
        "28": "battles",
        "29": "bedCount",
        "30": "bird",
        "31": "birthPlace",
        "32": "broadcastedBy",
        "33": "buildingStartDate",
        "34": "buildingType",
        "35": "capital",
        "36": "category",
        "37": "chairman",
        "38": "champions",
        "39": "chancellor",
        "40": "chief",
        "41": "child",
        "42": "city",
        "43": "cityServed",
        "44": "class",
        "45": "club",
        "46": "commander",
        "47": "compete in",
        "48": "completionDate",
        "49": "country",
        "50": "countySeat",
        "51": "creator",
        "52": "creatorOfDish",
        "53": "crewMembers",
        "54": "currency",
        "55": "currentTenants",
        "56": "dean",
        "57": "deathPlace",
        "58": "dedicatedTo",
        "59": "demonym",
        "60": "developer",
        "61": "dishVariation",
        "62": "district",
        "63": "division",
        "64": "doctoralAdvisor",
        "65": "editor",
        "66": "elevationAboveTheSeaLevel",
        "67": "elevationAboveTheSeaLevel_(in_feet)",
        "68": "elevationAboveTheSeaLevel_(in_metres)",
        "69": "established",
        "70": "ethnicGroup",
        "71": "ethnicGroups",
        "72": "family",
        "73": "firstPublicationYear",
        "74": "floorCount",
        "75": "followedBy",
        "76": "fossil",
        "77": "foundationPlace",
        "78": "foundedBy",
        "79": "founder",
        "80": "gemstone",
        "81": "genre",
        "82": "genus",
        "83": "governingBody",
        "84": "governmentType",
        "85": "ground",
        "86": "has to its north",
        "87": "has to its northeast",
        "88": "has to its northwest",
        "89": "has to its southeast",
        "90": "has to its southwest",
        "91": "has to its west",
        "92": "headquarter",
        "93": "headquarters",
        "94": "hometown",
        "95": "hubAirport",
        "96": "influencedBy",
        "97": "ingredient",
        "98": "isPartOf",
        "99": "jurisdiction",
        "100": "keyPerson",
        "101": "language",
        "102": "languages",
        "103": "largestCity",
        "104": "leader",
        "105": "leaderName",
        "106": "leaderParty",
        "107": "leaderTitle",
        "108": "league",
        "109": "literaryGenre",
        "110": "location",
        "111": "locationCity",
        "112": "mainIngredients",
        "113": "manager",
        "114": "mayor",
        "115": "mediaType",
        "116": "municipality",
        "117": "nationality",
        "118": "nearestCity",
        "119": "neighboringMunicipality",
        "120": "nickname",
        "121": "notableWork",
        "122": "numberOfMembers",
        "123": "numberOfPostgraduateStudents",
        "124": "numberOfRooms",
        "125": "numberOfStudents",
        "126": "numberOfUndergraduateStudents",
        "127": "occupation",
        "128": "officialLanguage",
        "129": "operatingOrganisation",
        "130": "operator",
        "131": "order",
        "132": "outlookRanking",
        "133": "owner",
        "134": "owningOrganisation",
        "135": "parentCompany",
        "136": "part",
        "137": "partsType",
        "138": "patronSaint",
        "139": "placeOfBirth",
        "140": "populationTotal",
        "141": "postalCode",
        "142": "precededBy",
        "143": "president",
        "144": "publisher",
        "145": "region",
        "146": "regionServed",
        "147": "religion",
        "148": "representative",
        "149": "residence",
        "150": "river",
        "151": "runwayLength",
        "152": "season",
        "153": "senators",
        "154": "served as Chief of the Astronaut Office in",
        "155": "significantBuilding",
        "156": "significantProject",
        "157": "spokenIn",
        "158": "sportsGoverningBody",
        "159": "sportsOffered",
        "160": "starring",
        "161": "state",
        "162": "tenant",
        "163": "title",
        "164": "transportAircraft",
        "165": "voice",
        "166": "was a crew member of",
        "167": "was given the 'Technical Campus' status by",
        "168": "was selected by NASA",
        "169": "year",
        "170": "yearOfConstruction"
    },
    {
        "1st_runway_LengthFeet": 0,
        "1st_runway_LengthMetre": 1,
        "1st_runway_Number": 2,
        "1st_runway_SurfaceType": 3,
        "3rd_runway_LengthFeet": 4,
        "4th_runway_LengthFeet": 5,
        "5th_runway_Number": 6,
        "EISSN_number": 7,
        "LCCN_number": 8,
        "OCLC_number": 9,
        "academicDiscipline": 10,
        "academicStaffSize": 11,
        "administrativeArrondissement": 12,
        "administrativeCounty": 13,
        "affiliation": 14,
        "affiliations": 15,
        "aircraftFighter": 16,
        "aircraftHelicopter": 17,
        "almaMater": 18,
        "anthem": 19,
        "architect": 20,
        "architecturalStyle": 21,
        "areaCode": 22,
        "attackAircraft": 23,
        "author": 24,
        "award": 25,
        "awards": 26,
        "backup pilot": 27,
        "battles": 28,
        "bedCount": 29,
        "bird": 30,
        "birthPlace": 31,
        "broadcastedBy": 32,
        "buildingStartDate": 33,
        "buildingType": 34,
        "capital": 35,
        "category": 36,
        "chairman": 37,
        "champions": 38,
        "chancellor": 39,
        "chief": 40,
        "child": 41,
        "city": 42,
        "cityServed": 43,
        "class": 44,
        "club": 45,
        "commander": 46,
        "compete in": 47,
        "completionDate": 48,
        "country": 49,
        "countySeat": 50,
        "creator": 51,
        "creatorOfDish": 52,
        "crewMembers": 53,
        "currency": 54,
        "currentTenants": 55,
        "dean": 56,
        "deathPlace": 57,
        "dedicatedTo": 58,
        "demonym": 59,
        "developer": 60,
        "dishVariation": 61,
        "district": 62,
        "division": 63,
        "doctoralAdvisor": 64,
        "editor": 65,
        "elevationAboveTheSeaLevel": 66,
        "elevationAboveTheSeaLevel_(in_feet)": 67,
        "elevationAboveTheSeaLevel_(in_metres)": 68,
        "established": 69,
        "ethnicGroup": 70,
        "ethnicGroups": 71,
        "family": 72,
        "firstPublicationYear": 73,
        "floorCount": 74,
        "followedBy": 75,
        "fossil": 76,
        "foundationPlace": 77,
        "foundedBy": 78,
        "founder": 79,
        "gemstone": 80,
        "genre": 81,
        "genus": 82,
        "governingBody": 83,
        "governmentType": 84,
        "ground": 85,
        "has to its north": 86,
        "has to its northeast": 87,
        "has to its northwest": 88,
        "has to its southeast": 89,
        "has to its southwest": 90,
        "has to its west": 91,
        "headquarter": 92,
        "headquarters": 93,
        "hometown": 94,
        "hubAirport": 95,
        "influencedBy": 96,
        "ingredient": 97,
        "isPartOf": 98,
        "jurisdiction": 99,
        "keyPerson": 100,
        "language": 101,
        "languages": 102,
        "largestCity": 103,
        "leader": 104,
        "leaderName": 105,
        "leaderParty": 106,
        "leaderTitle": 107,
        "league": 108,
        "literaryGenre": 109,
        "location": 110,
        "locationCity": 111,
        "mainIngredients": 112,
        "manager": 113,
        "mayor": 114,
        "mediaType": 115,
        "municipality": 116,
        "nationality": 117,
        "nearestCity": 118,
        "neighboringMunicipality": 119,
        "nickname": 120,
        "notableWork": 121,
        "numberOfMembers": 122,
        "numberOfPostgraduateStudents": 123,
        "numberOfRooms": 124,
        "numberOfStudents": 125,
        "numberOfUndergraduateStudents": 126,
        "occupation": 127,
        "officialLanguage": 128,
        "operatingOrganisation": 129,
        "operator": 130,
        "order": 131,
        "outlookRanking": 132,
        "owner": 133,
        "owningOrganisation": 134,
        "parentCompany": 135,
        "part": 136,
        "partsType": 137,
        "patronSaint": 138,
        "placeOfBirth": 139,
        "populationTotal": 140,
        "postalCode": 141,
        "precededBy": 142,
        "president": 143,
        "publisher": 144,
        "region": 145,
        "regionServed": 146,
        "religion": 147,
        "representative": 148,
        "residence": 149,
        "river": 150,
        "runwayLength": 151,
        "season": 152,
        "senators": 153,
        "served as Chief of the Astronaut Office in": 154,
        "significantBuilding": 155,
        "significantProject": 156,
        "spokenIn": 157,
        "sportsGoverningBody": 158,
        "sportsOffered": 159,
        "starring": 160,
        "state": 161,
        "tenant": 162,
        "title": 163,
        "transportAircraft": 164,
        "voice": 165,
        "was a crew member of": 166,
        "was given the 'Technical Campus' status by": 167,
        "was selected by NASA": 168,
        "year": 169,
        "yearOfConstruction": 170
    }
]